[test1@testingyes.com](mailto:test1@testingyes.com),test12345
[test2@testingyes.com](mailto:test2@testingyes.com),test12345
[test3@testingyes.com](mailto:test3@testingyes.com),test12345
[test4@testingyes.com](mailto:test4@testingyes.com),test12345
[test5@testingyes.com](mailto:test5@testingyes.com),test12345
[test6@testingyes.com](mailto:test6@testingyes.com),test12345
[test7@testingyes.com](mailto:test7@testingyes.com),test12345
[test8@testingyes.com](mailto:test8@testingyes.com),test12345
[test9@testingyes.com](mailto:test9@testingyes.com),test12345
[test10@testingyes.com](mailto:test10@testingyes.com),test12345
[test11@testingyes.com](mailto:test11@testingyes.com),test12345
[test12@testingyes.com](mailto:test12@testingyes.com),test12345
[test13@testingyes.com](mailto:test13@testingyes.com),test12345
[test14@testingyes.com](mailto:test14@testingyes.com),test12345
[test15@testingyes.com](mailto:test15@testingyes.com),test12345
[test16@testingyes.com](mailto:test16@testingyes.com),test12345
[test17@testingyes.com](mailto:test17@testingyes.com),test12345
[test18@testingyes.com](mailto:test18@testingyes.com),test12345
[test19@testingyes.com](mailto:test19@testingyes.com),test12345
[test20@testingyes.com](mailto:test20@testingyes.com),test12345
[test21@testingyes.com](mailto:test21@testingyes.com),test12345
[test22@testingyes.com](mailto:test22@testingyes.com),test12345
[test23@testingyes.com](mailto:test23@testingyes.com),test12345
[test24@testingyes.com](mailto:test24@testingyes.com),test12345
[test25@testingyes.com](mailto:test25@testingyes.com),test12345
[test26@testingyes.com](mailto:test26@testingyes.com),test12345
[test27@testingyes.com](mailto:test27@testingyes.com),test12345
[test28@testingyes.com](mailto:test28@testingyes.com),test12345
[test29@testingyes.com](mailto:test29@testingyes.com),test12345
[test30@testingyes.com](mailto:test30@testingyes.com),test12345
[test31@testingyes.com](mailto:test31@testingyes.com),test12345
[test32@testingyes.com](mailto:test32@testingyes.com),test12345
[test33@testingyes.com](mailto:test33@testingyes.com),test12345
[test34@testingyes.com](mailto:test34@testingyes.com),test12345
[test35@testingyes.com](mailto:test35@testingyes.com),test12345
[test36@testingyes.com](mailto:test36@testingyes.com),test12345
[test37@testingyes.com](mailto:test37@testingyes.com),test12345
[test38@testingyes.com](mailto:test38@testingyes.com),test12345
[test39@testingyes.com](mailto:test39@testingyes.com),test12345
[test40@testingyes.com](mailto:test40@testingyes.com),test12345
[test41@testingyes.com](mailto:test41@testingyes.com),test12345
[test42@testingyes.com](mailto:test42@testingyes.com),test12345
[test43@testingyes.com](mailto:test43@testingyes.com),test12345
[test44@testingyes.com](mailto:test44@testingyes.com),test12345
[test45@testingyes.com](mailto:test45@testingyes.com),test12345
[test46@testingyes.com](mailto:test46@testingyes.com),test12345
[test47@testingyes.com](mailto:test47@testingyes.com),test12345
[test48@testingyes.com](mailto:test48@testingyes.com),test12345
[test49@testingyes.com](mailto:test49@testingyes.com),test12345
[test50@testingyes.com](mailto:test50@testingyes.com),test12345
[test51@testingyes.com](mailto:test51@testingyes.com),test12345
[test52@testingyes.com](mailto:test52@testingyes.com),test12345
[test53@testingyes.com](mailto:test53@testingyes.com),test12345
[test54@testingyes.com](mailto:test54@testingyes.com),test12345
[test55@testingyes.com](mailto:test55@testingyes.com),test12345
[test56@testingyes.com](mailto:test56@testingyes.com),test12345
[test57@testingyes.com](mailto:test57@testingyes.com),test12345
[test58@testingyes.com](mailto:test58@testingyes.com),test12345
[test59@testingyes.com](mailto:test59@testingyes.com),test12345
[test60@testingyes.com](mailto:test60@testingyes.com),test12345
[test61@testingyes.com](mailto:test61@testingyes.com),test12345
[test62@testingyes.com](mailto:test62@testingyes.com),test12345
[test63@testingyes.com](mailto:test63@testingyes.com),test12345
[test64@testingyes.com](mailto:test64@testingyes.com),test12345
[test65@testingyes.com](mailto:test65@testingyes.com),test12345
[test66@testingyes.com](mailto:test66@testingyes.com),test12345
[test67@testingyes.com](mailto:test67@testingyes.com),test12345
[test68@testingyes.com](mailto:test68@testingyes.com),test12345
[test69@testingyes.com](mailto:test69@testingyes.com),test12345
[test70@testingyes.com](mailto:test70@testingyes.com),test12345
[test71@testingyes.com](mailto:test71@testingyes.com),test12345
[test72@testingyes.com](mailto:test72@testingyes.com),test12345
[test73@testingyes.com](mailto:test73@testingyes.com),test12345
[test74@testingyes.com](mailto:test74@testingyes.com),test12345
[test75@testingyes.com](mailto:test75@testingyes.com),test12345
[test76@testingyes.com](mailto:test76@testingyes.com),test12345
[test77@testingyes.com](mailto:test77@testingyes.com),test12345
[test78@testingyes.com](mailto:test78@testingyes.com),test12345
[test79@testingyes.com](mailto:test79@testingyes.com),test12345
[test80@testingyes.com](mailto:test80@testingyes.com),test12345
[test81@testingyes.com](mailto:test81@testingyes.com),test12345
[test82@testingyes.com](mailto:test82@testingyes.com),test12345
[test83@testingyes.com](mailto:test83@testingyes.com),test12345
[test84@testingyes.com](mailto:test84@testingyes.com),test12345
[test85@testingyes.com](mailto:test85@testingyes.com),test12345
[test86@testingyes.com](mailto:test86@testingyes.com),test12345
[test87@testingyes.com](mailto:test87@testingyes.com),test12345
[test88@testingyes.com](mailto:test88@testingyes.com),test12345
[test89@testingyes.com](mailto:test89@testingyes.com),test12345
[test90@testingyes.com](mailto:test90@testingyes.com),test12345
[test91@testingyes.com](mailto:test91@testingyes.com),test12345
[test92@testingyes.com](mailto:test92@testingyes.com),test12345
[test93@testingyes.com](mailto:test93@testingyes.com),test12345
[test94@testingyes.com](mailto:test94@testingyes.com),test12345
[test95@testingyes.com](mailto:test95@testingyes.com),test12345
[test96@testingyes.com](mailto:test96@testingyes.com),test12345
[test97@testingyes.com](mailto:test97@testingyes.com),test12345
[test98@testingyes.com](mailto:test98@testingyes.com),test12345
[test99@testingyes.com](mailto:test99@testingyes.com),test12345
[test100@testingyes.com](mailto:test100@testingyes.com),test12345
[test101@testingyes.com](mailto:test100@testingyes.com),test12345